Station,Y,X,Z
909,27.16416667,84.98,137
1030,27.703825,85.35624722,1337
1036,27.6451338,85.620881,857
1038,27.722878,85.164311,991
1029,27.651677,85.325693,1334
905,27.604389,85.091965,2265
906,27.420213,85.025209,452
1007,27.8112882,85.2674061,2002
1121,27.133046,85.484083,139
1004,27.914975,85.16463889,966
1107,27.228056,85.905,556
904,27.55973278,85.1386,1729
910,27.184582,85.18584,244
912,27.01584722,85.38070833,152
919,27.4162,85.1562,1050
921,27.0354,85.0012,100
922,26.7671,85.31303333,77
1022,27.59291667,85.37883333,1527
1024,27.6159205,85.5654519,1552
1035,27.7413055,85.4741733,1411
1039,27.72863611,85.32415,1329
1043,27.69334722,85.52085833,2147
1049,27.57225278,85.52855278,1442
1052,27.67668056,85.42396944,1315
1059,27.71605833,85.42675556,1502
1060,27.60325833,85.32656389,1478
1071,27.7646552,85.3522048,1378
1073,27.64377222,85.29671667,1309
1074,27.77261944,85.42778611,1658
1075,27.575595,85.355124,1588
1109,27.09985278,85.65964167,189
1115,27.419825,85.84864444,690
1117,27.294469,85.456563,250
1118,26.92800556,85.44511389,90
1120,26.85282222,85.55730833,87
1122,26.65224722,85.807275,68
