doy,month,day,ked_model,ked_nugget,ked_sill,ked_range,ked_rmse,ked_n_days,ok_model,ok_nugget,ok_sill,ok_range,ok_rmse,ok_n_days
1,1,1,spherical,1.1554286712464563,1.1554286722464564,147448.10468684984,0.19867547609339753,112,spherical,1.1503129047289167,1.1503129057289168,147448.10468684984,0.17918568026510442,112
2,1,2,spherical,1.156332356287892,1.156332357287892,147446.0096924969,0.24433993996161324,112,spherical,1.1543803030405442,1.1543803040405443,147446.0096924969,0.22934809624591287,112
3,1,3,spherical,1.366071760051425,1.366071761051425,147443.92032228986,0.3456113838686767,112,spherical,1.3580418473574656,1.3580418483574657,147443.92032228986,0.2911500499188523,112
4,1,4,spherical,2.248838241500841,2.2488382425008413,147441.8365536116,0.8008410543574495,112,spherical,2.2382886744655526,2.2382886754655527,147441.8365536116,0.7407712025448452,112
5,1,5,spherical,2.312436018246723,2.3124360192467233,147439.75836396587,0.7290285455751395,112,spherical,2.2863590774543887,2.286359078454389,147439.75836396587,0.6748381240669115,112
6,1,6,spherical,2.2349598232008105,2.2349598242008106,147437.68573097698,0.6306807132122653,112,spherical,2.17756413847953,2.17756413947953,147437.68573097698,0.6627005399844551,112
7,1,7,spherical,2.191083790508657,2.191083791508657,147435.61863238856,0.6318119736119739,112,spherical,2.132684897040888,2.132684898040888,147435.61863238856,0.6613955634944862,112
8,1,8,spherical,2.0638786249642127,2.063878625964213,147437.0697333396,0.5964215258226293,120,spherical,2.0094098733404806,2.0094098743404807,147437.0697333396,0.6219753678083757,120
9,1,9,spherical,2.0344777980973165,2.0344777990973166,147438.5190283156,0.6321280686001446,120,spherical,1.973487396483167,1.973487397483167,147438.5190283156,0.6622500352550894,120
10,1,10,spherical,1.7903304738628318,1.790330474862832,147439.96652068594,0.5518688973336751,120,spherical,1.7270411886685635,1.7270411896685636,147439.96652068594,0.5789270849475344,120
11,1,11,spherical,2.4787490665758787,2.4787490675758788,147441.41221381153,0.6263789134335851,120,spherical,2.4275805887541733,2.4275805897541733,147441.41221381153,0.6215538522918799,120
12,1,12,spherical,4.464786471178943,4.464786472178943,147442.85611104502,1.1719439531433007,120,spherical,3.497716486770613,4.316044712791686,21491.670551779447,0.5792189772611245,120
13,1,13,spherical,4.491610916157258,4.491610917157258,147444.29821573076,1.161244771493502,120,spherical,3.4853537688067897,4.351555147394705,21491.88075686923,0.5672978984350993,120
14,1,14,spherical,5.213254438730491,5.213254439730491,147445.73853120476,1.489002391937787,120,spherical,4.974343529164484,4.974343530164484,147445.73853120476,0.6822887672021375,120
15,1,15,spherical,5.5994381315638115,5.599438132563812,147447.1770607947,1.5541027850363944,120,spherical,5.327362666229291,5.327362667229291,147447.1770607947,0.6546069972656391,120
16,1,16,spherical,5.727057091648281,5.727057092648281,147448.61380782005,1.5404945265448582,120,spherical,5.0932150844322255,5.419070533429997,21492.509809275463,0.6059294203637565,120
17,1,17,spherical,6.170985874159723,6.170985875159723,147450.04877559215,1.597574696304871,120,spherical,5.053211066663052,6.00179709120315,23825.26211854201,0.634779284616968,120
18,1,18,spherical,5.9289142688016865,5.928914269801687,147451.4819674141,1.4547040357049545,120,spherical,4.633949705982006,5.890900746150301,23825.49369642962,0.6471728186332874,120
19,1,19,spherical,3.482687480040974,4.9051379463933,16827.959606830107,0.522046572385953,120,spherical,3.4542432101619727,6.321490794993725,40153.84421035699,0.44820043592532227,120
20,1,20,spherical,3.0926025560442385,4.739101228104824,14495.51168832197,0.5260875378807903,120,spherical,3.3554890180591537,6.151509269400211,40154.233527420634,0.414078456044608,120
21,1,21,spherical,2.390151654066089,4.876900812925548,12163.018392278342,0.640127561351439,120,spherical,3.41803940367209,6.316659620451011,40154.62236354904,0.6142106216342084,120
22,1,22,spherical,2.3917808263741773,4.863837937122282,12163.13602710871,0.6384310072970271,120,spherical,3.4039840079188513,6.303447443756417,40155.01071963286,0.6139424834512064,120
23,1,23,spherical,2.35664800990682,4.878376364544987,12163.13602710871,0.639117070593292,120,spherical,3.387516161599381,6.323002122223139,40155.01071963286,0.6104663304445302,120
24,1,24,spherical,1.2614480985365577,4.915814338412169,9830.479802731697,0.6516861220318283,120,spherical,3.5457886150079694,6.345604989505301,40155.01071963286,0.6179046655304933,120
25,1,25,spherical,1.4564224930092033,4.731902153949609,9830.00193783653,0.66709301301489,120,spherical,3.3864914200779754,6.119862307364945,37820.515930320216,0.6134687657483955,120
26,1,26,spherical,1.0290067132170486,4.145304983210806,9829.52229649194,0.7096290483803086,120,spherical,3.829279188248974,5.836831030585499,82134.82190119535,0.698267768317161,120
27,1,27,spherical,2.5284588860282597,2.9837162539942645,140438.6686843418,0.49352688641792936,120,spherical,2.2727599537616996,3.83121649332251,107786.26173044975,0.544219916854427,120
28,1,28,spherical,2.7220710201964895,2.95411697724739,147428.36467024844,0.5104561676756334,120,spherical,2.5232649092597668,4.156911325952703,147428.36467024844,0.5600114453054552,120
29,1,29,spherical,1.9644820910120313,2.687284027992814,89118.96353506754,0.4896032565256777,120,spherical,1.677361538011899,3.5206649623235533,91451.04856215342,0.5251711453199817,120
30,1,30,spherical,1.8359247149368187,2.512925036432884,86782.57940028002,0.4415015769765778,120,spherical,1.555732081373392,3.2722232886101374,86782.57940028002,0.47756397354621877,120
31,1,31,spherical,1.6258214873684687,2.9899522624128663,33145.63256815277,0.5335133010303363,120,spherical,1.9704319761669782,3.8051841052447175,84446.41061333392,0.5969022800969856,120
32,2,1,spherical,1.159636324748135,2.719486366708326,33143.97813251675,0.5036916824338636,120,spherical,1.5311233578202967,3.917405998369203,103096.09278405964,0.5702466137507657,120
33,2,2,spherical,1.6590531532356594,3.3761181941243734,28479.076817074834,0.5083818886572836,120,spherical,1.763198833859844,6.631910841340113,119412.26946106815,0.7461508555813696,120
34,2,3,spherical,2.8088562405320534,3.505020214403114,21483.13526934787,0.5622798509359217,120,spherical,2.7463413413960693,7.378315510040638,133395.2817887414,0.5175114736768752,120
35,2,4,spherical,2.831125617112313,3.5981571085033,21482.050608885642,0.5569822018938739,120,spherical,2.8169109051276924,7.645507514006912,138051.31747880773,0.5050719620203152,120
36,2,5,spherical,3.43673684588258,3.6459693198061096,21480.961839861062,0.6339365732170924,120,spherical,3.1856660714266436,7.420413868341935,140375.58783723158,0.45862081080753825,120
37,2,6,spherical,3.9848574953237863,3.9848574963237864,21479.86893888571,0.6605375168413166,120,spherical,3.5409106068821137,7.3732095980434575,128712.70302138492,0.45470092033963966,120
38,2,7,spherical,4.514049780411103,6.0407995749155425,26140.830895626015,0.6792878279410279,120,spherical,4.590025499932093,11.406163455453317,147354.3652396753,0.5563977292427166,120
39,2,8,spherical,7.581849068367455,8.755517897774265,21477.670646638162,1.0594589120224858,120,spherical,7.923863660021794,14.479293285354288,147346.81025019204,0.6728855875675626,120
40,2,9,spherical,6.815847452373351,10.307410165653716,23808.580639296568,1.2044410229214417,120,spherical,8.558939082644482,16.8563709030772,147346.81025019204,0.9584415799745598,120
41,2,10,spherical,7.334904711403655,12.089582866502061,23808.580639296568,1.485125897169153,120,spherical,9.344329930310494,21.043505329576575,147346.81025019204,1.1017550032551462,120
42,2,11,spherical,7.926754339223364,12.252896995174911,23808.580639296568,1.4826532190898714,120,spherical,9.616521496637214,21.145304107669716,147346.81025019204,1.08851791721497,120
43,2,12,spherical,7.416530212405682,12.168279931276771,23808.580639296568,1.4700813179625098,120,spherical,9.404199178394222,21.159971872376207,147346.81025019204,1.0933164711292327,120
44,2,13,spherical,7.399260326536262,12.237465898711,23808.580639296568,1.463770465610028,120,spherical,9.336217035755627,21.416364627281233,147346.81025019204,1.102880816516768,120
45,2,14,spherical,7.022851677072686,12.11028499710757,23808.580639296568,1.3980210708594027,120,spherical,9.059248703666599,21.435514190093393,147346.81025019204,1.043103810729225,120
46,2,15,spherical,6.730426624112564,11.367123363342161,23808.580639296568,1.1973169582004983,120,spherical,8.460134919300936,20.298191316911783,147346.81025019204,0.8459615376138521,120
47,2,16,spherical,6.969090935780027,11.245149456739107,23808.580639296568,1.1490734718606248,120,spherical,8.520956090592486,19.665354948261644,147346.81025019204,0.8132099663344133,120
48,2,17,spherical,6.6827865236885735,10.591406160501682,23808.580639296568,1.1704041526431004,120,spherical,8.471847703354632,16.665253745847693,147346.81025019204,0.8481719677663063,120
49,2,18,spherical,6.445725836471458,9.896819686316636,26139.49063195497,1.0906954340345292,120,spherical,7.770574688239121,14.938409080570906,147346.81025019204,0.8270511862495061,120
50,2,19,spherical,6.418313039890092,9.88809898172272,26139.49063195497,1.074591319133247,120,spherical,7.763330245811447,14.917741656651193,147346.81025019204,0.8174856932243482,120
51,2,20,spherical,6.047511120973356,9.638160839784005,26139.49063195497,1.1608258108799345,120,spherical,7.568208054175476,14.595117945648916,147346.81025019204,0.9101149282131806,120
52,2,21,spherical,5.432710660454218,9.504272040485718,26140.736862899954,1.2211156884415466,122,spherical,7.432862345840282,14.35541984981774,147353.8351825889,1.0098169893413997,122
53,2,22,spherical,4.815549792123193,7.682609309145685,21478.694619834994,1.184645151144621,122,spherical,4.521774105005198,9.367394526284048,40126.863592094836,0.7316992257163589,122
54,2,23,spherical,3.2946477490534645,6.050154062054629,26140.736862899954,1.0554985042434797,122,spherical,2.964137152113882,7.266893608854923,42457.88471362731,0.8707756732751272,122
55,2,24,spherical,3.486099126530856,4.763654749572034,16816.652376770035,0.90173989748133,122,spherical,4.315761207434756,6.954229340004593,147353.8351825889,0.7289414236655497,122
56,2,25,spherical,4.149489279082007,4.149489280082007,147353.8351825889,0.9738644668538889,122,spherical,3.8664679083126003,3.8664679093126004,21478.694619834994,0.612867807392895,122
57,2,26,spherical,3.7914266880643193,3.7914266890643193,14485.631255237555,0.7735403832143896,122,spherical,3.4042713572750185,3.5468101579194413,21478.694619834994,0.5629192838943723,122
58,2,27,spherical,3.6968293583203713,3.6968293593203714,14485.631255237555,0.6409432609616466,122,spherical,3.291489019531545,3.74012139267964,21478.694619834994,0.5465838207828294,122
59,2,28,spherical,3.6850834425066767,3.685083443506677,21478.694619834994,0.6949209854201666,122,spherical,3.2945390098934353,3.6740398526879057,21478.694619834994,0.5834289149134037,122
60,3,1,spherical,3.6845781951395247,3.6845781961395248,21478.694619834994,0.7002657382424509,122,spherical,3.2950852567235427,3.6728858615973348,21478.694619834994,0.5897876596204421,122
61,3,2,spherical,3.9222318666100113,3.9222318676100114,21478.694619834994,0.8409513717528772,122,spherical,3.546507717556953,3.6017695171907684,21478.694619834994,0.5734111542483988,122
62,3,3,spherical,3.4280324105719235,3.49125923147356,21478.694619834994,0.552927190601842,122,spherical,3.1451772738619095,3.717987210795105,23809.715741367472,0.5216795201846385,122
63,3,4,spherical,4.715679323769774,4.715679324769774,23809.715741367472,0.9631947396230531,122,spherical,4.224676360116722,4.967493451324481,26140.736862899954,0.7250049092701553,122
64,3,5,spherical,4.961444354338662,7.4468097669029785,35464.82134902987,0.9978573211744393,122,spherical,5.7115629449987635,8.49768042586088,75092.18041508202,1.0820713013726249,122
65,3,6,spherical,5.479656926620275,7.975605704805263,33133.80022749739,0.9744446661811995,122,spherical,5.432427873434684,8.773475990469422,42457.88471362731,1.0419716950565507,122
66,3,7,spherical,5.508686649965352,8.45744235955954,33133.80022749739,1.0060837356797177,122,spherical,5.5174536756073325,9.27496248944866,42457.88471362731,1.0382132116495866,122
67,3,8,spherical,6.019695915421887,8.59565666288038,35464.18292163474,0.9851645901606397,120,spherical,6.633487708968607,9.803668647906902,72759.84946833042,1.0309747543720302,120
68,3,9,spherical,6.157995202413405,8.68909310855511,33134.19319712716,1.0119929511063661,120,spherical,6.806007804625653,10.021173045705856,72762.02224695764,1.0590698320956393,120
69,3,10,spherical,9.388100889164892,9.388100890164893,84419.80306522209,1.1980512172276816,120,spherical,8.753183326857933,10.059173408124693,86750.92188753592,1.2551040268416964,120
70,3,11,spherical,9.724176558106624,10.583764212074897,30805.001827717613,1.4774427363569458,120,spherical,9.198923333124307,11.556832507250231,40129.75913772943,1.384122239561208,120
71,3,12,spherical,9.386319134737008,15.842775065827851,54118.54238988487,1.1164182995706302,120,spherical,9.867823033048946,17.563081563170606,75099.8849779633,1.141388997482783,120
72,3,13,spherical,9.466352120957064,16.13379059477907,51788.86863216124,1.1233250941015764,120,spherical,9.841272747549645,17.731056089685666,68108.19058055931,1.159420059587116,120
73,3,14,spherical,9.825395785789544,16.23012878769546,51790.46546414371,1.0762835157915889,120,spherical,10.62059551557437,18.248999931312632,79767.30854445286,1.11520737320201,120
74,3,15,spherical,9.77915123514638,17.04155300930708,49460.596757508996,1.3449600170138458,120,spherical,9.412191441883726,18.403746900329516,54123.548640371795,1.2991676776768428,120
75,3,16,spherical,10.473138669706724,17.21523517883114,49462.141672817634,1.3746593440226893,120,spherical,10.05649388365961,18.615695995113086,54125.23920426172,1.3411679871749747,120
76,3,17,spherical,9.59456315387125,17.802010463088884,40138.82220281261,1.5648313632433175,120,spherical,10.031273652771457,19.335336311175084,49465.6854532587,1.573230163527674,120
77,3,18,spherical,9.978072537364815,17.722836796613983,37809.83994915249,1.5756122897285985,120,spherical,10.687881532078917,19.2797652431108,49469.26195990436,1.6143835331853391,120
78,3,19,spherical,9.782277723811676,16.9203693692114,47138.89548162288,1.6050252013667006,120,spherical,9.40622749341698,18.021337981264526,49470.854975413415,1.776391933130434,120
79,3,20,spherical,7.715837462240288,13.89244451873193,33148.212980384604,2.0073918320868347,120,spherical,7.468305328333903,14.810627486567473,35480.24806443176,2.1761547274525377,120
80,3,21,spherical,7.042663268198212,13.781338410008189,35481.40577809709,1.8836981188738542,120,spherical,7.652066059825827,14.944998467085274,44809.85048970947,2.015834521634776,120
81,3,22,spherical,7.282980405772976,13.367901613387563,35482.57123049014,1.8849921849911078,120,spherical,7.825663456484825,14.550160388091118,44811.32235212135,2.049049922670406,120
82,3,23,spherical,7.405100249200219,13.44885163420211,35482.57123049014,1.9642359547525208,120,spherical,7.0743496722888795,14.52367773379364,37814.75901089794,2.1499833718476102,120
83,3,24,spherical,7.447081564317356,13.535445552794133,35482.57123049014,1.9598177294844816,120,spherical,8.240751072234715,14.738034717791589,47143.510132529154,2.15195324214756,120
84,3,25,spherical,3.16920034841045,12.73401713178368,37814.14280237016,2.084532292104603,120,spherical,4.1991064412942976,13.989569687642032,47142.741907800686,2.2695817476089983,120
85,3,26,spherical,3.7066453488509543,11.667327735704905,35481.41713127316,1.5889168542220193,120,spherical,7.721476884106872,16.583381331240034,147422.7894890927,1.8456661258597924,120
86,3,27,spherical,4.485943031775388,6.988837181033583,21488.398195715017,1.2579095190299907,120,spherical,4.245102517631392,8.114957381470937,26152.546641296572,1.1935608768723371,120
87,3,28,spherical,5.136580841568517,8.569043755947204,21488.052187075948,1.3769879969620933,120,spherical,4.553179808784079,10.74389759886273,28484.16220147277,1.0603258704223335,120
88,3,29,spherical,4.976570866372654,10.313156613577544,21487.707552395732,1.2377932835261134,120,spherical,5.167120270644412,12.502701680450148,30815.704629404732,1.037543860326591,120
89,3,30,spherical,5.114407312444358,10.841075962662558,23819.32629877117,1.0200993216219547,120,spherical,5.078070493129592,13.200851346695657,33147.174359828416,0.8520593566548832,120
90,3,31,spherical,5.446619257780777,11.731015575571984,23818.947280928805,1.2302284385896978,120,spherical,5.5892643393811,14.249870845896318,33146.64691541841,0.8794078050319176,120
91,4,1,spherical,5.437617241861594,12.98241163133878,19154.0204376918,1.4302598599485212,120,spherical,4.760217701002135,15.637727057900864,23817.60802252111,1.0397229978497124,120
92,4,2,spherical,5.607671508721366,13.292046902489009,21484.613999774214,1.276682004122883,120,spherical,5.026689613975696,16.00787216214237,26147.94106949265,1.1210024887082397,120
93,4,3,spherical,6.213160960410615,14.130992709224548,19152.653057656615,1.3704868047275287,120,spherical,6.287614847085985,17.035476548520066,26147.535043931202,1.1782621208893198,120
94,4,4,spherical,6.803607178004563,14.381389871595523,16820.765550054777,1.4669554830873506,120,exponential,7.546962143315826,17.890589591437625,37805.08692933104,1.1767944866192965,120
95,4,5,spherical,9.032937738135988,17.32497314706459,9825.840364995547,2.2113391771450805,120,spherical,7.119704303642331,20.185829963787526,12157.395705841947,1.261863847588498,120
96,4,6,spherical,7.882963037925082,20.791610444481382,12157.209120631967,2.3604756296733536,120,spherical,19.50005613531447,28.175819993493818,147385.3434487574,2.2094180222813646,120
97,4,7,spherical,9.841763034461929,21.301474114561632,14488.059436612988,2.3842600452237823,120,spherical,19.190685635497868,29.515679987908136,147378.53564830453,2.3596986661420343,120
98,4,8,spherical,10.93736711213512,21.07308232276938,16818.70235874789,2.4792813914457605,120,spherical,18.999868243637877,28.95909791244848,147371.79789595923,2.414629406623105,120
99,4,9,spherical,10.367483386794387,21.111819874430047,16818.1910330921,2.458333079662159,120,spherical,18.876853908597333,29.00072913263898,147367.31746818323,2.412932681868506,120
100,4,10,spherical,6.9759471758569545,21.607351569214394,12155.355021312684,2.614976621461121,120,spherical,19.59076508933623,29.142984444106965,147362.8656693387,2.4796095420409743,120
101,4,11,spherical,17.403644375405197,24.351246500308445,30803.742160216556,3.0541325999035074,120,spherical,21.094405022859874,32.275129612178006,147358.44222590083,2.993891197134825,120
102,4,12,spherical,16.913266073822086,31.3671801653892,37795.896767225655,2.7940802996166427,120,spherical,17.47112728136238,34.61823120695847,49451.01911835251,2.698489805613779,120
103,4,13,spherical,17.035032290649248,29.898941458659817,37794.776505717324,2.81680290390415,120,spherical,17.346866049138466,33.186238122617695,49449.553401753496,2.5279180084255986,120
104,4,14,spherical,17.548521007985403,29.274627546239884,33131.88986391579,2.693975092761035,120,spherical,18.57908625381891,32.379083358520795,47117.21020848326,2.3705871722084217,120
105,4,15,spherical,19.44829484731866,29.70614756765548,33130.92011816009,2.778004221742112,120,spherical,19.881906479527586,32.94902848873991,47115.83112281058,2.4746027007716074,120
106,4,16,spherical,17.56388619489841,29.234613983911473,37791.45786269108,2.577227642286783,120,spherical,17.51950163004294,32.088366018932824,49445.21138863106,2.4955489808695814,120
107,4,17,spherical,21.491863482115026,31.226302036194955,35459.68214270494,2.8238530103407835,120,spherical,20.890410774598823,34.05350919973242,44782.415475998256,2.747684967400222,120
108,4,18,spherical,20.254848187520942,31.192309441741923,33128.04713307077,2.9559500221798616,120,spherical,20.203465046693914,33.808447291160604,42450.51265795501,2.8035207887901215,120
109,4,19,spherical,20.289648537288784,31.965113418188626,33127.10136779292,3.013104558714172,120,spherical,20.341209389206387,34.71173667198763,42449.30074767435,2.7538553433088984,120
110,4,20,spherical,14.018180443179007,30.911753077559638,37787.128900064476,2.871576119502209,120,spherical,14.000366243033042,33.734505036100025,44778.580062190944,2.738897408319994,120
111,4,21,spherical,14.397309574516255,27.33071700526647,33125.227351409034,2.6584950424757943,120,spherical,14.703931641036663,30.061548734903788,42446.899369896004,2.4164131909641267,120
112,4,22,spherical,16.494506934234167,31.050531372126933,33125.227351409034,3.3377777223288785,120,spherical,15.408331289099312,33.818257876381594,37786.06336065252,2.716309766546611,120
113,4,23,spherical,20.122812395668817,36.57697167044823,30794.809346787297,3.0978289187651074,120,spherical,19.552862977622468,39.95161664330955,37786.06336065252,2.717238797853337,120
114,4,24,spherical,24.031506441214898,38.668383774074556,30795.955719593338,2.8693998372079963,120,spherical,22.97753310727476,42.06452516438783,37787.46999106859,2.498958591790036,120
115,4,25,spherical,27.079052051906274,44.61052180109445,23805.329756668558,3.041483634610413,120,spherical,28.050609429627123,48.770329959829226,33127.69665438492,2.1590950419388117,120
116,4,26,spherical,25.8964358376595,43.90161599813468,23806.220266727207,3.0614077548374934,120,spherical,26.855220985469774,48.02519159989548,33128.93589565534,2.177583934017247,120
117,4,27,spherical,27.795550495203592,38.620586562992585,16814.8140673798,3.7104775885156296,120,spherical,28.26018957983428,41.67314937020071,23807.11298648823,2.318558675623261,120
118,4,28,spherical,28.547050181674166,41.633592590059095,21477.154001538915,3.9661169859507575,120,spherical,29.39715337180737,45.39719994333301,30800.56969212945,2.5091147958573496,120
119,4,29,spherical,31.335588470362147,45.38398403595375,21477.963331221315,4.145894924490491,120,spherical,31.9396748794697,49.915859686524215,30801.730358728244,2.4372241165978017,120
120,4,30,spherical,31.95531897428291,51.923879826056606,21478.7746766688,5.341495627512182,120,spherical,35.21777140159363,56.97673498507048,33133.92372602397,3.7756572771082015,120
121,5,1,spherical,36.01802294543079,55.43372738347618,23810.7061278705,5.399313067897261,120,spherical,38.35114197372321,61.5862125885467,37797.414622563665,3.782249435674684,120
122,5,2,spherical,34.050124319740746,57.05483495541495,23811.610020490392,4.8713363377210275,120,spherical,38.19582795027257,63.639950459407416,40130.056048518774,3.5502687032495825,120
123,5,3,spherical,36.263996357526366,63.647351851482604,28475.106752139523,5.521004999691506,120,spherical,38.17047894311668,70.513400515668,40131.58320038378,4.05210714391856,120
124,5,4,spherical,37.514513158126235,67.24105330807663,28476.193045265805,5.353751496624141,120,spherical,39.07463635891608,74.82024478996738,40133.114174906776,3.5386005211342444,120
125,5,5,spherical,37.81319945325966,71.92910163626769,23814.33529072027,5.945417426335554,120,spherical,42.79480529887009,79.18095095199024,35471.70221624768,4.040333633956477,120
126,5,6,spherical,38.13313622156157,73.6490846967169,23815.24827334434,5.574786029104161,120,spherical,43.7417633878729,80.95291813914244,35473.06211344296,3.743971828150591,120
127,5,7,spherical,32.89747017186699,70.51399136986768,19152.858798866277,4.989417082560846,120,spherical,46.05175662855094,77.77738715198286,35474.425427465365,3.192790841314012,120
128,5,8,spherical,29.604604862627657,65.80207251803535,19153.596712154867,5.6756799281854695,120,spherical,43.33803465273301,72.96233025231459,37807.53437964483,3.800590492602938,120
129,5,9,spherical,36.070703052061894,65.05822830419118,21485.338920591115,5.774254906822485,120,spherical,42.7180455115164,72.141111830302,35475.79217120858,3.674565359587874,120
130,5,10,spherical,40.386704178282855,60.756641468730294,30812.307754336092,5.384781517611799,120,spherical,39.9514729667147,67.12140650907568,40139.27658808108,3.7453168585811762,120
131,5,11,spherical,36.46418486723074,63.799150070639854,19153.596712154867,4.952264999816844,120,spherical,47.86900373103071,70.51733939305682,40139.27658808108,3.724150454512855,120
132,5,12,spherical,39.80040131197638,64.93678427593201,23817.08112902736,5.018803853319246,120,spherical,46.18018319962126,72.0649446823385,42471.01879651732,3.7517785513608377,120
133,5,13,spherical,37.788729184333015,66.58252645797396,19153.596712154867,5.028211699701858,120,spherical,49.443843092571,73.1822167726947,40139.27658808108,3.6393584436725686,120
134,5,14,spherical,37.35445505150397,68.29232297597721,16821.854503718627,4.783454402340933,120,spherical,54.42791876896981,74.89427710327072,40139.27658808108,3.991446935009174,120
135,5,15,spherical,40.562696011642224,68.31167493388841,26148.823337463604,3.901024043339809,120,spherical,48.701191205079496,75.54767701632991,47134.503213389806,4.252014282173427,120
136,5,16,spherical,43.030798611210706,67.88439948815231,28480.565545899848,3.879695095923115,120,spherical,49.137984515703806,74.80022099876922,49466.245421826054,5.156408313957286,120
137,5,17,spherical,44.90872545610092,69.20472847463573,37807.53437964483,4.272329161547766,120,spherical,55.90845257995042,87.87596196572446,147399.41817614835,5.588108323162788,120
138,5,18,exponential,40.6751832354533,76.39769764208286,63456.69867244352,3.2292615460150165,120,spherical,52.33279133577024,92.32508701918286,121750.25388334965,3.885716020164291,120
139,5,19,spherical,36.0714617463123,83.03635728749708,40139.27658808108,5.336115991376673,120,spherical,38.22842503981576,89.5033425262717,47134.503213389806,5.195177527396828,120
140,5,20,spherical,35.527401267560506,84.74883910153387,44802.76100495356,4.584026804890239,120,spherical,35.45840359442164,91.15930358677006,49466.245421826054,4.593781699584986,120
141,5,21,spherical,37.71331092399302,85.72826575663447,44802.76100495356,4.831005587840786,120,spherical,36.74983991237782,92.70370708916806,49466.245421826054,4.805211169476526,120
142,5,22,spherical,39.40516336755529,90.60824521689568,47134.503213389806,5.226138672457525,120,spherical,36.931670189172394,97.38996972209088,49466.245421826054,5.3311229233045045,120
143,5,23,spherical,40.254391891940124,90.65423669258621,44802.76100495356,5.12929603238285,120,spherical,39.62296264804802,97.8695948628662,49466.245421826054,5.405582093643642,120
144,5,24,spherical,39.98159439425798,97.20775987026511,47134.503213389806,6.008545231926209,120,spherical,38.201833318552765,104.29066129755267,49466.245421826054,6.262460059208943,120
145,5,25,spherical,36.170261124881485,99.21497358227363,44804.4914281822,6.4812048296212525,120,spherical,35.33947796035004,106.1510247816525,47136.323695819934,7.140956338870188,120
146,5,26,spherical,30.2278531577583,97.81276226216687,44806.226215656054,6.826171529982347,120,spherical,29.295909035119887,104.7126893879591,47138.148769630716,7.217312396868007,120
147,5,27,spherical,31.0374624485071,97.28984114993744,47139.97845221375,6.7813579746220745,120,spherical,27.779506240801137,103.87431066150236,47139.97845221375,7.246702338183076,120
148,5,28,spherical,29.479034289565003,97.60373424114178,47141.81276104857,6.488295063913171,120,spherical,28.723886734583125,104.98407580234218,49473.916572549206,7.23749804366536,120
149,5,29,spherical,22.899988991525024,95.86388744080675,47143.65171370321,7.3176885908106835,120,spherical,22.139136508005468,102.52848397741174,49475.846498126695,8.195205412956074,120
150,5,30,spherical,32.212925194516124,93.78719288105167,44813.20933988538,6.929863229432156,120,spherical,30.05695732762919,102.1489464714974,47145.49532783481,7.498053214733764,120
151,5,31,spherical,32.15390060544982,102.40354616497568,47147.3436211901,8.033344432152267,120,spherical,29.01276186846832,111.81346847366122,49479.7210441465,8.82727834453545,120
152,6,1,spherical,25.300890484722235,107.12581257950686,40151.78934062561,11.499688105410552,120,spherical,22.396283890006043,116.54194580409442,42484.25843095241,11.195028296316273,120
153,6,2,spherical,28.80085313032444,103.73554054034742,37820.81035322023,13.914422709266114,120,spherical,25.671477675345002,113.52888278171159,40153.37134416773,13.346086790844149,120
154,6,3,spherical,32.988108438547144,96.88887433414641,40154.957378292136,9.427919750837761,120,spherical,30.908900440972246,108.02895489746695,44820.26362971197,8.926715205431925,120
155,6,4,spherical,30.229500943959156,92.67505672942092,37823.801962911966,10.570740073827093,120,spherical,27.860857765284113,104.44488077748873,42489.292953931945,9.638084609942442,120
156,6,5,spherical,27.35905768043583,95.47164970700908,37825.30349881088,11.031098857007281,120,spherical,26.350989306169907,106.99571492007064,42490.97970130737,9.675643043308344,120
157,6,6,spherical,22.959533256441436,99.3695139164287,35493.87793112524,11.979074933732448,120,spherical,22.661944088300544,110.79343910943673,40159.739818784896,10.480048317964286,120
158,6,7,spherical,23.42933315205691,109.53735990318012,33162.270057766786,11.92424457134881,120,spherical,27.184990837109954,123.56835438998127,40161.34213026028,10.5696918974024,120
159,6,8,spherical,30.198037442398768,123.38470593355977,35497.0653586328,13.748430962954247,120,spherical,27.609707723616445,137.94085792772339,40163.34625084743,11.442225778618901,120
160,6,9,spherical,29.602900533037282,131.2112740727355,37830.57992278179,13.773476732638523,120,spherical,33.62254193248503,148.36756236799314,47163.23400064866,13.148935059594287,120
161,6,10,spherical,32.19743492984532,132.848389075541,37830.95356210557,13.72768294732863,120,spherical,35.30329710839795,150.41846261373897,47163.699815312226,13.857473834879393,120
162,6,11,spherical,37.501025912735294,141.68204815109956,37831.326723629696,15.358494493565724,120,spherical,36.422573170804796,164.58920714739526,47164.16503430486,13.580265213286719,120
163,6,12,spherical,38.651961366115295,138.60208252003233,37831.699408270084,15.084238275687452,120,spherical,36.77005638921223,161.18258934034708,47164.62965876843,12.799493303604832,120
164,6,13,spherical,34.02145393428323,139.72695926296512,35498.81609871491,14.958762421198408,120,spherical,38.094358014756196,163.00852538538516,47165.09368984187,11.875702103672756,120
165,6,14,spherical,30.511102828267187,142.50127536414305,35498.43902439812,16.459737599242246,120,spherical,30.02993389889042,165.06485390888315,44831.36196039012,12.563305950369276,120
166,6,15,spherical,38.90313639373275,146.72735065972887,35498.06291078022,16.67321219061763,120,spherical,37.21055142577512,170.7148710964666,44830.88696244075,12.666791397338798,120
167,6,16,spherical,51.609749840978175,150.0560866118994,33164.50639945865,11.493712705374774,120,spherical,60.084629621109315,176.9453327743861,49496.775882609145,11.301875624528703,120
168,6,17,spherical,57.85172620612436,155.33723668408385,33164.15679177243,11.514237084231889,120,exponential,54.12921027277176,194.04119470330005,70494.66493929517,11.05744272673688,120
169,6,18,spherical,65.68836689405639,169.8294618687654,33163.80807141538,12.341742484124556,120,exponential,65.9866685801797,210.46851947340488,72827.0559156207,12.634657670396704,120
170,6,19,spherical,71.31741273056919,181.1250959217901,35496.56799024066,12.13882396923636,120,exponential,67.44173567925014,226.44151767232069,77492.50758432821,11.516066202604039,120
171,6,20,spherical,73.95863941508748,195.4210253139206,35496.19662548638,13.805202094937046,120,exponential,75.79120885622604,251.9216165425125,89157.11358983669,12.076024089610817,120
172,6,21,spherical,79.7486615027575,221.0982434721409,40161.94419779106,13.634824428847374,120,spherical,82.43104925574093,273.5713598027926,61159.4751891673,10.985395915174866,120
173,6,22,spherical,78.19519214304587,235.68388903450625,44827.595562508846,14.2614959146858,120,spherical,67.85476445692025,286.366041120299,58825.803842251386,11.729440239903946,120
174,6,23,spherical,71.45627549118231,251.18220760920426,49494.00021533875,13.441868892812254,120,spherical,59.74254057188895,309.0978133503416,63492.30330654566,13.070056789778967,120
175,6,24,spherical,80.31722217388624,262.41913302219825,47159.998516849424,14.425935055489024,120,spherical,67.59813797583789,316.116880851732,58825.01581783692,13.371083704336721,120
176,6,25,spherical,74.20871389558027,275.18418302325506,42493.13560397216,17.92726341578858,120,spherical,66.91326400812777,329.10911547335775,54157.917926631184,14.665911139557679,120
177,6,26,spherical,72.91972925031737,277.95117917112685,42492.28069024539,17.881795928013243,120,spherical,61.42469149987047,328.6819338352678,51823.918802613,15.330397049304821,120
178,6,27,spherical,65.36254312505604,304.17305101235854,42491.42685323614,20.34832451083258,120,spherical,61.31924702392286,363.93599489222316,54155.74010706567,17.58571517200157,120
179,6,28,spherical,71.14938185837642,309.1594171232164,42490.57409091163,20.603938630361096,120,spherical,66.2282688901069,370.23536569990813,54154.65325312266,17.68362493134715,120
180,6,29,spherical,69.94495097054848,323.7624485317437,42490.57409091163,20.79262557607149,120,spherical,68.28513045143492,385.2106525999752,54154.65325312266,18.68380712184425,120
181,6,30,spherical,74.28622273997188,324.3006812578023,42490.57409091163,22.00703316617191,120,spherical,72.24010694716625,397.98435888033407,56487.46908556487,19.80659604564149,120
182,7,1,spherical,60.93633603616922,333.86526144986533,42490.57409091163,23.8710115267596,120,spherical,57.23890652112101,414.1508741743903,56487.46908556487,21.088539733660262,120
183,7,2,spherical,59.82780660607365,341.9189505786449,44823.38992335384,26.41256497529628,120,spherical,46.66268707387358,420.0818778157185,56487.46908556487,24.10430065132088,120
184,7,3,spherical,57.70424042578775,335.47249210967976,44823.38992335384,28.36536883661594,120,spherical,40.79104978387624,414.8173267838317,56487.46908556487,23.773649679962826,120
185,7,4,spherical,56.14083570728555,338.007244560426,44823.38992335384,28.272257815581984,120,spherical,37.95474004919602,421.9522043895566,56487.46908556487,24.362245988660884,120
186,7,5,spherical,54.32881092460623,353.79428043856007,44823.38992335384,30.517738805253014,120,spherical,36.993570150341775,440.2911365206702,56487.46908556487,27.59402550664163,120
187,7,6,spherical,64.83780037386592,336.1844584683822,44823.38992335384,27.06330060477155,120,spherical,53.82591695214216,409.8246832832807,56487.46908556487,26.98476744848635,120
188,7,7,spherical,68.59174558186389,326.2163589832722,42490.57409091163,25.50696269339199,120,spherical,70.9794132080176,403.8718263583808,58820.28491800708,24.613879336615216,120
189,7,8,spherical,68.90259209724219,313.88906671118696,37823.92900538521,27.269113664538693,120,spherical,79.07000002571509,383.3965682223587,54153.20232048543,24.189861114307735,120
190,7,9,spherical,74.26804277341299,303.25527499785505,40156.68233611381,23.04286946027958,120,spherical,77.59065237110028,374.67659471375646,56485.95565121403,22.057759159939195,120
191,7,10,spherical,69.58015335416307,311.6529096200735,42489.435666842415,20.681017528746487,120,spherical,79.34971053950757,391.98430263847615,63484.21564339984,22.192618610629978,120
192,7,11,spherical,72.41398267325343,313.1327047719064,42489.435666842415,19.380673493395282,120,spherical,87.2778089382853,394.6889538165259,65816.96897412844,21.135374218026357,120
193,7,12,spherical,62.0906919733801,318.9627602403241,40156.68233611381,21.185505722723082,120,spherical,78.22352118267821,399.4222954146808,61151.46231267124,22.75629888211128,120
194,7,13,spherical,62.84347842829044,348.6971670672155,42489.435666842415,21.337828110198863,120,spherical,84.3902860602276,438.02435849749145,65816.96897412844,24.52297900225152,120
195,7,14,spherical,75.53124824161922,349.4099474030238,47154.94232829962,22.497490108649902,120,exponential,40.66295430049372,508.3894700141837,107806.5289272433,24.53646208329851,120
196,7,15,spherical,70.88076121679556,352.35215675798054,47154.94232829962,22.095797298058564,120,exponential,43.07726743558924,495.7189241963338,105473.7755965147,24.32169062414741,120
197,7,16,spherical,67.6742021087943,338.5762598922604,47154.94232829962,23.01960280477483,120,exponential,51.30303106808255,484.77669357640195,114804.7889194291,25.77613863425013,120
198,7,17,spherical,74.35004849029974,330.63665404353804,47153.10074266592,20.90026087740319,120,exponential,68.38828256212507,503.88605181349186,135794.26538965627,24.183867910979366,120
199,7,18,spherical,69.09954800709158,331.27012543483454,47151.26377832615,19.661411503189274,120,exponential,58.06320857909858,544.2061027825258,147451.83195695633,21.860021506430595,120
200,7,19,spherical,55.42601673099984,345.08635096029974,44816.95071172082,22.875815922633574,120,exponential,55.04483470010451,551.2816178301537,138116.1789591694,27.63649371293436,120
201,7,20,spherical,41.04167217394456,335.0930694871464,40150.43278527726,25.150532019885883,120,exponential,66.75263796752931,550.6488715682359,145107.99566795226,32.25632554373655,120
202,7,21,spherical,41.0974234899559,334.2074090287741,40148.8801624913,27.120883034282045,120,exponential,65.6936109465356,556.8567471370623,147434.6844141278,34.477194249083915,120
203,7,22,spherical,36.40473222753227,330.4637801469493,40147.331416416426,29.26629421116386,120,exponential,63.330840094412615,550.6442002949221,147428.99711007692,37.36635494746763,120
204,7,23,spherical,31.790237046190295,327.75789275062016,40145.78653255121,28.99849697250437,120,exponential,58.44342959795681,551.9271296797973,147423.32398882913,37.45430325098994,120
205,7,24,spherical,29.838684206307335,345.8360476392023,42476.27635518238,26.814806909523142,120,exponential,41.98893856785476,595.5255229320874,147417.66499739766,33.420632466353915,120
206,7,25,spherical,34.183952375282736,328.7210410873617,42472.29621690645,25.844692314693027,120,exponential,43.370440131697215,561.9611559693377,145072.039235002,32.39767077086914,120
207,7,26,spherical,25.72677994267639,330.9371116270216,42468.325967172845,27.41086674079812,120,exponential,24.191166700613813,532.2905881392983,124074.12880605398,32.98684888602999,120
208,7,27,spherical,30.682045942099812,340.3980069550792,44796.78776824653,29.715979048356363,120,exponential,4.974499810755871,507.822445295392,105414.00244349462,33.39700421232559,120
209,7,28,spherical,23.39251966657526,313.2177275684786,42461.40707080204,28.822769156024304,120,spherical,11.321634664499022,398.00664269626594,56448.694105889765,29.303660462715612,120
210,7,29,spherical,19.215923594926362,307.6309126579845,40126.46926222519,31.130605539471134,120,spherical,14.199768130157885,388.34052098381864,54112.458548643925,24.642320832841342,120
211,7,30,spherical,19.337264476542686,314.3304472919958,40122.75515851477,35.92136267133146,120,spherical,8.780927553557717,391.26454136346194,51776.6674452203,25.834421450296194,120
212,7,31,spherical,14.0913473161778,359.1472088842462,40119.05021977341,39.761579389889704,120,spherical,7.9531691594313525,442.19717624571746,51771.88638319307,29.048419180089176,120
213,8,1,spherical,11.256319725902976,358.51185317514756,40116.84364081243,40.74667604597255,120,spherical,7.740051804282549,439.51579779113325,51769.03888918119,30.019585296058466,120
214,8,2,spherical,20.229661287856835,367.06718311246874,40114.637061851456,47.91081689727591,120,spherical,6.246692287031951,429.3909611841802,47105.56966184217,38.02828031062787,120
215,8,3,spherical,31.20892711233739,351.65241564424326,40112.01608243588,43.95686045728561,120,spherical,20.86108970359098,407.15335270545125,47102.491914229686,34.715559304854125,120
216,8,4,spherical,40.64098448585482,345.5452968817474,42439.39803169039,40.31260772793751,120,spherical,30.831833754815268,396.3016187809829,49429.41653102763,35.309731336276414,120
217,8,5,spherical,31.313048305981702,359.3766707913288,42436.61793813268,39.6459650216583,120,spherical,18.947157375342435,414.6297686180779,49426.17853970747,34.34808180000115,120
218,8,6,spherical,28.708172737080076,359.4681905284366,42433.834405992966,40.753409368951196,120,spherical,17.287331982099815,413.64567288244734,49422.93654345063,35.73659026141248,120
219,8,7,spherical,28.91496288967191,362.7684122291539,42431.047428887716,38.93413165862075,120,spherical,15.653843572399989,416.6298093296528,49419.69053482216,32.473663249972944,120
220,8,8,spherical,45.451097481480645,355.2492104125081,42428.70544302432,38.13050605538645,120,spherical,40.76932992862179,399.0541363488511,49416.96281011068,33.05746714315587,120
221,8,9,spherical,46.67814450867916,361.3393214669243,42428.70544302432,37.077672662102806,120,spherical,40.047571041726684,407.8838706413586,49416.96281011068,31.496899461876918,120
222,8,10,spherical,42.85926208450308,384.7590992620133,42428.70544302432,38.50536822264023,120,spherical,34.61815134838295,449.84315156084824,51746.3819324728,31.777509944852852,120
223,8,11,spherical,60.70085765081567,360.99928250330674,42427.69372412116,32.38119967794314,120,spherical,48.94167256756817,424.2114972563663,51745.148032163466,24.874625002505404,120
224,8,12,spherical,77.0015077447527,369.82420772081355,44758.124565386446,30.88760537601211,120,spherical,52.255329978572654,432.2465931468849,51746.3819324728,25.48843040587542,120
225,8,13,spherical,86.57732506213767,381.64487777331357,44758.124565386446,31.41036297178441,120,spherical,62.94056695032144,443.8528444542736,51746.3819324728,26.430283115616255,120
226,8,14,spherical,86.00121723081122,363.6345288403036,44758.124565386446,28.950965691294154,120,spherical,69.65993461138585,426.5234789597371,54075.80105483492,25.390207451161604,120
227,8,15,spherical,81.06389848707256,315.63455280492036,42428.70544302432,24.76719958287997,120,spherical,73.03479060197301,372.8377142521932,54075.80105483492,22.284117621882938,120
228,8,16,spherical,79.4287603525437,321.95853281050944,42428.70544302432,25.034541054213634,120,spherical,73.35587747443807,379.22715686516335,54075.80105483492,22.340020290693154,120
229,8,17,spherical,75.4757868753642,343.30294491528196,44758.124565386446,27.046994465477344,120,spherical,62.976226067680166,401.19636417610917,54075.80105483492,22.11348840236485,120
230,8,18,spherical,79.63361994122461,367.29864204853243,47088.04075554823,28.988796764595758,120,spherical,58.2635565989742,426.05389752489174,54076.37189241405,24.74986570994314,120
231,8,19,spherical,58.55464930752368,377.82519894646657,44759.06893710576,27.025849711740623,120,spherical,46.0831148477911,456.2080353447913,56406.41029620391,22.613772828668452,120
232,8,20,spherical,45.327404647558346,390.4767028137437,42430.04744699552,31.310691276453017,120,spherical,34.30457801236193,461.7374757156663,51748.018651041595,22.54738188560215,120
233,8,21,spherical,49.30574920238518,390.0001361157969,42430.49367712258,30.006465467339975,120,spherical,46.98942030353675,466.66430564832007,54078.080176724856,22.08656203992552,120
234,8,22,spherical,54.82088905620647,372.63146711429573,42430.9393566881,31.09173839651435,120,spherical,42.72607837486981,443.7277224295727,51749.10643109804,22.027177014238504,120
235,8,23,spherical,46.71099732594534,357.89538794264644,40101.397588085616,31.736748385556755,120,spherical,47.121056548022295,430.48440719045414,51749.10643109804,21.51060960128106,120
236,8,24,spherical,43.49968859695135,358.18869020746246,40101.397588085616,35.93744466884529,120,spherical,37.0046576819425,425.2974149703807,49419.56466249555,23.557093506897093,120
237,8,25,spherical,54.274502315742545,327.0768598754853,40101.914440207984,35.18668429725255,120,spherical,47.97953842633186,376.54687662936146,47090.62981982929,23.818089394811885,120
238,8,26,spherical,57.37607279229992,323.7173184804435,40102.4293862992,33.21166428321123,120,spherical,51.55390457992258,371.2550125928976,47091.23450756296,22.82022115876562,120
239,8,27,spherical,52.91677298628447,316.43314234699875,40101.996725299745,34.14313879424405,120,spherical,47.29598347344979,363.13833099338086,47090.726445061526,22.79538415328034,120
240,8,28,spherical,34.86032172948192,302.53810253766835,40102.50994247812,36.09030089844997,120,spherical,29.912228886898717,348.41128693432347,47091.32910257804,24.51296349760942,120
241,8,29,spherical,27.34377211803312,323.7096217030214,40103.0212762907,40.20178987558476,120,spherical,25.67616373027695,370.2253500334229,47091.92954850734,28.73518482897527,120
242,8,30,spherical,23.035759085964624,343.08533830352195,40103.53073708566,42.850144238975055,120,spherical,23.495779819826524,389.88365579087707,47092.527795001006,31.913788437206225,120
243,8,31,spherical,24.499891760416975,339.98554072116633,37774.34316214006,44.14916777369682,120,spherical,35.77385381961547,390.54855413397274,47093.123854121746,32.2057599099512,120
244,9,1,spherical,32.25433675791251,309.30998476610614,37774.81952823549,33.02889800549945,120,spherical,38.711990545842845,357.8081792064761,47093.71773784425,24.653828197848767,120
245,9,2,spherical,25.608639969768788,305.7929425882853,37775.29415893531,39.59269988288587,120,spherical,18.86305977101664,357.16660148475665,44764.55563327576,32.87866714979731,120
246,9,3,spherical,31.70274953050465,287.99834524937535,37775.76706370531,45.898261856950725,120,spherical,20.70929080389692,328.4340025986763,42435.33304513151,44.99764952373164,120
247,9,4,spherical,31.220814710733343,254.08404340234375,35446.42620116196,41.786230011972165,120,spherical,27.353965776614718,293.93639464035147,42435.862353503755,40.407604717480794,120
248,9,5,spherical,42.94481624922739,270.2391404418449,35446.86672741806,46.48850944645728,120,spherical,30.230219990812795,310.406418090292,40106.54873853405,43.377027075663044,120
249,9,6,spherical,37.29785642606053,299.5015920663474,37777.175516067306,40.8911832542876,120,spherical,35.28192145160084,345.08313584047636,44766.78508291676,37.334823655440495,120
250,9,7,spherical,47.75705964878305,306.66058080081984,40107.54021193406,41.575342093696484,120,spherical,43.510440092018236,353.67301494970826,47097.23601650348,38.55220992962632,120
251,9,8,spherical,53.182655152025795,300.20685238241003,40108.03326897623,37.968942522462434,120,spherical,45.96054912829802,348.28029670725937,47097.81500049906,35.221108578095844,120
252,9,9,spherical,47.548392140009284,299.0445427900645,37778.10602513529,37.507147854844966,120,spherical,50.73855816205536,348.427133782394,47097.81500049906,34.39945709789537,120
253,9,10,spherical,38.450625127597256,294.1043763557421,37778.10602513529,40.15247844105682,120,spherical,40.947431605259595,345.14560591912334,47097.81500049906,37.031782033185635,120
254,9,11,spherical,39.0400557783803,293.7218468547953,37778.10602513529,42.68047981845756,120,spherical,30.28948014998999,342.90104396265997,44767.887756658114,40.66078999320761,120
255,9,12,spherical,44.19087781005225,284.74182784369526,37779.46502293574,39.617467956767605,120,spherical,36.33297275795613,330.6520544322051,44769.49819898553,36.98983213719299,120
256,9,13,spherical,56.092312546550176,262.4940986097224,40110.92236882563,36.14147974311537,120,spherical,43.83201694024718,307.9602996537903,47101.207594928026,34.1925252488319,120
257,9,14,spherical,52.66521002914206,243.3793133171257,37782.19284853881,36.40933996656854,120,spherical,47.48209276384132,289.2717584641746,47102.91002703297,33.43050336340694,120
258,9,15,spherical,45.79318716025956,232.4000943211886,40113.825417256085,32.466368876819764,120,spherical,33.77201645437631,274.41123239952344,47104.616568811085,30.718059771416875,120
259,9,16,spherical,40.53999454440385,231.99893210286908,40115.28220379473,33.780189072046326,120,spherical,29.356700733689838,273.2362867249327,47106.32723516146,32.20319338748566,120
260,9,17,spherical,51.88499841822407,208.3270688382823,42447.17569070356,25.401986343335356,120,spherical,44.13370459310149,244.68085121880873,51768.90839140709,21.933880402590894,120
261,9,18,spherical,57.84839365894386,217.68868512042945,44778.792560054295,24.797518533850162,120,spherical,50.84925656336542,265.1824787351043,58761.76124051735,22.53419595704929,120
262,9,19,spherical,52.73513552847399,230.4650985141522,47110.537175816266,26.838285260880046,120,exponential,45.34647826861729,325.48023851202424,114696.67884854208,26.726693834708662,120
263,9,20,spherical,39.06034896509596,214.3938138869052,51773.02890171713,28.393877615323788,120,spherical,75.6925019576226,339.8547065617616,138005.91948399838,28.96880638629863,120
264,9,21,spherical,34.61875985072989,179.40594590704404,47113.5245222863,15.401602837643077,120,spherical,31.01817278763611,215.5945997116392,61097.75088225821,14.68074345621116,120
265,9,22,spherical,27.284476589718402,169.5167069916487,47115.26169833315,15.04358108125571,120,spherical,23.087255755939847,204.5890157351511,61100.00368653098,14.783715532658256,120
266,9,23,spherical,28.638528703095,171.97827290562657,49447.87959583301,16.788675492649833,120,spherical,20.27265043135321,206.03342996172427,61102.261992157284,15.888678765915348,120
267,9,24,spherical,17.391610150438044,162.52532161677172,49447.811701499326,16.56523607158288,120,spherical,10.281690524811433,195.15136097448104,61102.17809579209,16.266524764710134,120
268,9,25,spherical,19.230784704527736,152.85460031446854,51778.61300682012,14.695415275373403,120,spherical,13.982182021627466,184.59641648894103,65763.83324017345,14.922044232978944,120
269,9,26,spherical,17.202604435174695,143.725282481379,54109.40689671691,13.616589625415068,120,spherical,10.874194665685597,174.24349916279505,68094.60744848373,14.339330536659787,120
270,9,27,spherical,14.897237929348202,138.698336029529,54107.280314638425,13.670001265734518,120,spherical,10.399695358604456,170.51950814153432,70422.70637874478,14.630365546096083,120
271,9,28,spherical,15.065766136103562,133.48918741656632,54105.13235987574,13.064398974033407,120,spherical,12.111702628470157,166.10480942868017,72750.59335774061,14.211929912526502,120
272,9,29,spherical,8.371716262027578,127.74076981112837,54102.96270860028,13.505482223270292,120,spherical,1.6960360875044602,157.4958473235334,68086.49768559235,13.870582595697261,120
273,9,30,spherical,10.486759292735474,129.6878496208844,54100.77103040834,13.886640259817108,120,spherical,3.2222883690922157,159.9945686802959,68083.73954288311,14.398166745821905,120
274,10,1,spherical,17.856903358121965,125.23283068534263,51768.15761020199,12.92822761536701,120,spherical,13.475448105372772,157.79322396790946,70411.35263381171,12.938297942379258,120
275,10,2,spherical,20.92070794815191,118.1546552643899,51766.01721214527,11.354462247109504,120,spherical,16.635420844463216,148.7455280484968,70408.4414171622,11.00571086759843,120
276,10,3,spherical,21.96278385115079,95.64712377390839,54094.643032740416,8.462294264806053,120,spherical,19.902021956873153,106.08130774009781,61085.33536312533,8.954540051365932,120
277,10,4,spherical,21.475276219679643,75.848198653855,51762.79276586023,10.000808098636814,120,spherical,17.56283949704008,86.34112960543152,58753.266386973184,10.382303705845795,120
278,10,5,spherical,23.173513577098348,66.11388459837326,51761.15854357151,10.610971858685042,120,spherical,17.851892809103358,75.137229878784,56421.32715842682,11.051092206216612,120
279,10,6,spherical,21.953247909814937,63.33686742713725,51758.941029853995,10.10583913914706,120,spherical,17.678525459097813,72.90932061376171,58748.89448083106,10.491307798265455,120
280,10,7,spherical,19.145150226260167,59.941673907135126,51756.70021986627,10.858301416402057,120,spherical,14.392834819745156,68.12659268444749,56416.46744223365,11.199887643961551,120
281,10,8,spherical,15.733970270415305,49.28766885051422,49424.654071170065,7.5124826214112455,120,spherical,11.68679398454476,56.232678314290325,54084.217417947046,7.007239840899826,120
282,10,9,spherical,14.026046047144444,52.12633656423688,47094.87239778158,8.361894652576083,120,spherical,9.968591829812903,59.36071559414929,51754.43574455855,7.779816611998747,120
283,10,10,spherical,16.059064699185267,54.712000889246,47094.87239778158,8.235879911791955,120,spherical,11.793675003989366,62.565357682781546,51754.43574455855,7.938942973572616,120
284,10,11,spherical,15.635070759206608,51.62716921273813,47094.87239778158,7.635218590302034,120,spherical,11.531382082437897,59.27610353562589,51754.43574455855,7.2893468253662865,120
285,10,12,spherical,14.59509119298387,51.27973433088379,47094.87239778158,7.567456135187136,120,spherical,10.547543594522862,58.90949611702155,51754.43574455855,7.274342711250627,120
286,10,13,spherical,15.413978412188905,53.49607563717296,47094.87239778158,8.156678083542943,120,spherical,9.478176061372865,61.311384280829685,49424.654071170065,7.489127476212609,120
287,10,14,spherical,21.856212532210222,59.618854274012165,51754.43574455855,5.666651703605506,120,spherical,16.543827008401234,76.38422775802495,68062.90745827797,6.228784765192966,120
288,10,15,spherical,21.708043596451063,56.68882231876428,51754.43574455855,5.466387172605555,120,spherical,16.73893666247651,72.20180309161745,68062.90745827797,6.699120355832846,120
289,10,16,spherical,14.929115950124364,48.33884199494742,51754.43574455855,4.915736928721895,120,spherical,11.413765606752415,61.69524830583943,68062.90745827797,6.376975339841005,120
290,10,17,spherical,13.444884601283796,45.304451287730366,51754.43574455855,4.322004722092123,120,spherical,9.981655255073878,58.29335431979804,68062.90745827797,5.6361126610352805,120
291,10,18,spherical,11.233645566479018,42.50797900264945,49424.654071170065,4.808546362685711,120,spherical,8.24856366659488,54.76814787055643,65733.12578488947,6.122797287935919,120
292,10,19,spherical,11.787510326638277,37.1849937887157,49424.654071170065,3.8676358932778534,120,spherical,8.415219076634443,47.57059926410884,63403.34411150099,4.5487736642687535,120
293,10,20,spherical,10.918950444174694,36.20709660757572,47094.87239778158,3.6725709590327873,120,spherical,8.334062521072697,46.62597111732846,63403.34411150099,4.297538036688248,120
294,10,21,spherical,10.311992293359204,34.309613914769166,47094.87239778158,3.6670687553799177,120,spherical,7.541398933866412,44.43806062475386,63403.34411150099,4.308628256982138,120
295,10,22,spherical,10.858667799595299,32.10005976865426,47094.87239778158,3.047422627226125,120,spherical,8.602073415721001,42.6250602905152,68062.90745827797,3.8301131087822102,120
296,10,23,spherical,11.482330199001005,29.631102295561206,47094.87239778158,2.8305237991099244,120,spherical,9.359221451417573,39.75823343150992,70392.68913166646,3.6715008657931945,120
297,10,24,spherical,14.28419040465412,26.663314084829175,68062.90745827797,2.5671428307063344,120,spherical,9.5435266244791,37.27184380306909,84371.37917199738,3.71378440260767,120
298,10,25,spherical,11.916418344032824,22.91970271914447,70397.03365142997,2.280096351814396,120,spherical,7.124248446906785,32.9147901677863,86706.51189691493,3.1460171815682063,120
299,10,26,spherical,11.351698106804143,22.752512662604225,68072.98630181917,2.2851070928869706,120,spherical,6.797529756029886,32.80636921515648,86713.9996656425,3.154440270875109,120
300,10,27,spherical,11.824155606503579,22.460111855829282,82058.73373933526,2.397656576459691,120,spherical,6.616864015341115,32.49710399374176,91379.80694299201,3.483446571094675,120
301,10,28,spherical,9.12938848111816,20.267813194635767,100706.9607580548,2.28930141192852,120,spherical,4.2123579859724,29.04607804968144,96046.14273950021,3.5584239944101856,120
302,10,29,spherical,3.2543500277818866,7.142637950653701,68085.3186469965,0.8374908299788051,120,spherical,3.1337481178724578,7.392467209869359,70415.86745153918,0.9016783487255873,120
303,10,30,spherical,0.7564382343136928,3.3331810225467597,68091.04633882221,0.6144054414882948,120,spherical,0.6327037503782535,3.5658661185729903,70421.79120127577,0.7028807551335866,120
304,10,31,spherical,3.5824707050260307,3.582470706026031,147348.6695574706,1.0493091005597717,120,spherical,3.424589193600658,3.424589194600658,147348.6695574706,0.9812912904280715,120
305,11,1,spherical,3.391130456911249,3.391130457911249,147357.30258896734,1.2988912356070255,120,spherical,3.231876990211556,3.231876991211556,147357.30258896734,1.1630421002637796,120
306,11,2,spherical,3.389133291133203,3.389133292133203,147365.8803867373,1.298409546221664,120,spherical,3.229736840054486,3.229736841054486,147365.8803867373,1.1623335891870132,120
307,11,3,spherical,3.517844916397639,3.517844917397639,147374.40347916438,1.3374537643127826,120,spherical,3.349781699337689,3.3497817003376893,147374.40347916438,1.188733647698125,120
308,11,4,spherical,3.509528525306097,3.509528526306097,147382.8723879142,1.3334540387655789,120,spherical,3.35199079715612,3.35199079815612,147382.8723879142,1.19018025543308,120
309,11,5,spherical,3.587503665383881,3.5875036663838813,147391.28762804074,1.2836075735655998,120,spherical,3.4241242015825,3.4241242025825,147391.28762804074,1.1469302165212627,120
310,11,6,spherical,3.7151046864555757,3.7151046874555758,147403.13682974063,1.315742423524724,120,spherical,3.552514009335415,3.552514010335415,147403.13682974063,1.1625033717883766,120
311,11,7,spherical,3.7475538790655927,3.7475538800655928,147414.89660350312,1.3252028113988397,120,spherical,3.584937412716606,3.584937413716606,147414.89660350312,1.1683673180982985,120
312,11,8,spherical,3.689503052392928,3.689503053392928,147426.56795791403,1.2394186545155066,120,spherical,3.5229472980116143,3.5229472990116144,147426.56795791403,1.1007432810881914,120
313,11,9,spherical,3.688804353588691,3.688804354588691,147430.00983796638,1.238547361577762,120,spherical,3.522511355366289,3.522511356366289,147430.00983796638,1.1001901748135734,120
314,11,10,spherical,3.5601611430421922,3.5601611440421923,147430.00983796638,1.2916753719279617,120,spherical,3.3885640362362377,3.388564037236238,147430.00983796638,1.1481412836589242,120
315,11,11,spherical,3.515949981891599,3.515949982891599,147430.00983796638,1.3296226077092816,120,spherical,3.343250310957207,3.343250311957207,147430.00983796638,1.182201728171316,120
316,11,12,spherical,3.5001397430247576,3.5001397440247577,147430.00983796638,1.3277081791998437,120,spherical,3.3274687148249837,3.327468715824984,147430.00983796638,1.1811209047053521,120
317,11,13,spherical,3.5234362954808973,3.5234362964808974,147430.00983796638,1.390860391750451,120,spherical,3.361414889151958,3.3614148901519583,147430.00983796638,1.227438684644749,120
318,11,14,spherical,3.3308256009881374,3.3308256019881375,147426.56795791403,1.4603050349932347,120,spherical,3.163956100245906,3.163956101245906,147426.56795791403,1.2758522871385096,120
319,11,15,spherical,0.3153400501019313,0.7416132344521658,33149.37992163039,0.11847752530023295,120,spherical,0.298216043532074,0.7955616462301351,33149.37992163039,0.1161162653232091,120
320,11,16,spherical,0.42512956993659895,0.5776230282246834,82123.84071037077,0.08539418613478542,120,spherical,0.41691899426114304,0.6624168369725629,91452.30943203562,0.09618284703366367,120
321,11,17,spherical,0.4201825082740976,0.5756927722684035,82123.84071037077,0.0852510627259482,120,spherical,0.41249591515481204,0.6602914638608578,91452.30943203562,0.0959736982175293,120
322,11,18,spherical,0.2750143636489969,0.47751741852572804,86788.0750712032,0.08821473001368092,120,spherical,0.2710042621326408,0.5471582647053725,91452.30943203562,0.09974411108402012,120
323,11,19,spherical,0.20641877252092714,0.4392856765141645,93784.42661245182,0.09348062752231392,120,spherical,0.1921332108471002,0.493022381331648,96116.54379286803,0.10773005229211566,120
324,11,20,spherical,0.15025049031333673,0.2864480198376046,147423.12176202462,0.06420860606315272,120,spherical,0.14347503557220626,0.3390118452362999,147423.12176202462,0.07597547111375914,120
325,11,21,spherical,0.01866877617069856,0.23875686111057112,131095.23307072552,0.04704163960188037,120,spherical,0.013461110552004645,0.2854245592110529,147419.67124217545,0.0534197931982867,120
326,11,22,spherical,0.0,0.2663500144886819,147416.2163902236,0.045431200071049435,120,spherical,0.0,0.2967914345630449,147416.2163902236,0.05232279285312412,120
327,11,23,spherical,0.019546079792321137,0.019546080792321136,12159.47036774508,0.00420820346078258,120,spherical,0.011961910235809125,0.02004031125576171,9827.517146533695,0.0036614294527012796,120
328,11,24,spherical,0.01757038470215827,0.05580367891299421,147413.2081850004,0.009464214891700719,120,spherical,0.01474344630677418,0.06570307463494172,147413.2081850004,0.011712657930334864,120
329,11,25,spherical,0.0,0.05351351698646654,147413.6603079828,0.007716892304298601,120,spherical,0.0,0.06180813149576721,147413.6603079828,0.009879673147473863,120
330,11,26,spherical,0.0,0.05347767976525863,147417.58498702222,0.0076992709995190025,120,spherical,0.0,0.06176640009599659,147417.58498702222,0.009858612739833543,120
331,11,27,spherical,0.0,0.05342812741782596,147421.51461521556,0.007679805134772247,120,spherical,0.0,0.0617114316819717,147421.51461521556,0.009832154981860053,120
332,11,28,spherical,0.0,0.053392405682254514,147425.44920193029,0.007662284044393486,120,spherical,0.0,0.061669833310141926,147425.44920193029,0.009811193581336487,120
333,11,29,spherical,0.0,0.053356735463866406,147429.3887565575,0.007644808243691307,120,spherical,0.0,0.06162829536448379,147429.3887565575,0.009790279350459487,120
334,11,30,spherical,0.0,0.05332111665911141,147433.33328851213,0.007627377671112738,120,spherical,0.0,0.061586817722418565,147433.33328851213,0.00976941219917761,120
335,12,1,spherical,0.0,0.05328554916471983,147437.2828072328,0.007609992265696515,120,spherical,0.0,0.06154540026170268,147437.2828072328,0.009748592038006758,120
336,12,2,spherical,0.0,0.054365791504668554,147441.2373221821,0.008138891449178861,120,spherical,0.0,0.0626113655869723,147441.2373221821,0.010567353522941268,120
337,12,3,spherical,0.0,0.05432931813455791,147445.19684284652,0.008120673795960195,120,spherical,0.0,0.06256906419611592,147445.19684284652,0.010546160458897462,120
338,12,4,spherical,0.3951340000587915,1.1413036432085901,86803.40460827321,0.2675172157161858,120,spherical,0.34016806169407116,1.2489292089655337,84470.87550171692,0.32787016508536065,120
339,12,5,spherical,0.524374737439089,1.5351026020763308,26158.352042354534,0.3145771305546314,120,spherical,0.8747550030361795,2.192876540357102,72810.19007967472,0.4449215181525962,120
340,12,6,spherical,0.5230434060875541,1.5345364762669127,26159.0571399932,0.31427909539491755,120,spherical,0.8740931554823744,2.192092530175177,72812.1526762868,0.44465183566809163,120
341,12,7,spherical,0.5216687608640089,1.533963560903995,26159.76313242583,0.31398200997805564,120,spherical,0.8734072088319657,2.1913050680904695,72814.11776350375,0.44438406937319863,120
342,12,8,spherical,0.5202975421510886,1.5333910788958178,26160.470021356778,0.3136872800147859,120,spherical,0.8727224527955599,2.1905181081206173,72816.0853460695,0.44411916236674515,120
343,12,9,spherical,0.5333139141711294,1.5122817858029824,26160.470021356778,0.31395842386944367,120,spherical,0.8808456824290551,2.1594396860371177,72816.0853460695,0.4467304486828935,120
344,12,10,spherical,0.5333139141711294,1.5122817858029824,26160.470021356778,0.31395842386944367,120,spherical,0.8808456824290551,2.1594396860371177,72816.0853460695,0.4467304486828935,120
345,12,11,spherical,0.533092706665299,1.512586773796539,26160.470021356778,0.31393084126876064,120,spherical,0.8810594900204375,2.1597290218988037,72816.0853460695,0.446774182808293,120
346,12,12,spherical,0.5330804081974814,1.5125770546894608,26160.470021356778,0.31393043660261416,120,spherical,0.88104281101627,2.1597216137657145,72816.0853460695,0.4467735142689463,120
347,12,13,spherical,0.5330804081974814,1.5125770546894608,26160.470021356778,0.31393043660261416,120,spherical,0.88104281101627,2.1597216137657145,72816.0853460695,0.4467735142689463,120
348,12,14,spherical,0.5330804081974814,1.5125770546894608,26160.470021356778,0.31393043660261416,120,spherical,0.88104281101627,2.1597216137657145,72816.0853460695,0.4467735142689463,120
349,12,15,spherical,0.5330804081974814,1.5125770546894608,26160.470021356778,0.31393043660261416,120,spherical,0.88104281101627,2.1597216137657145,72816.0853460695,0.4467735142689463,120
350,12,16,spherical,0.5330804081974814,1.5125770546894608,26160.470021356778,0.31393043660261416,120,spherical,0.88104281101627,2.1597216137657145,72816.0853460695,0.4467735142689463,120
351,12,17,spherical,0.5332464295153992,1.512608809860189,26160.470021356778,0.31393221226089146,120,spherical,0.8811294269079228,2.159744979016175,72816.0853460695,0.44677529412326383,120
352,12,18,spherical,0.5297525341562717,1.515685718288855,26160.470021356778,0.31509500043669486,120,spherical,0.8792748174484502,2.164616327693171,72816.0853460695,0.44820021596342907,120
353,12,19,spherical,0.3865311929369205,0.7185604761097586,21494.908488885507,0.2153402191001508,120,spherical,0.3012817456805532,1.0859531338501278,35491.59308629933,0.22020169987324584,120
354,12,20,spherical,0.11784328378798076,0.15517742160257786,9831.004657707324,0.05516120446382526,120,spherical,0.11549809460676842,0.15739503738394553,9831.004657707324,0.04954100350514653,120
355,12,21,spherical,0.206338306881884,0.206338307881884,12163.785423942962,0.06871617871960832,120,spherical,0.20538573985538577,0.20538574085538577,12163.785423942962,0.061799103204274924,120
356,12,22,spherical,0.206338306881884,0.206338307881884,12163.785423942962,0.06871617871960832,120,spherical,0.20538573985538577,0.20538574085538577,12163.785423942962,0.061799103204274924,120
357,12,23,spherical,0.19769093647187908,0.19769093747187907,12163.785423942962,0.06589730883962874,120,spherical,0.19619964857593217,0.19619964957593217,12163.785423942962,0.05899137011079572,120
358,12,24,spherical,0.1717858044458383,0.23981067807838163,9831.004657707324,0.06151961533687139,120,spherical,0.16902623041573456,0.24320499548106142,9831.004657707324,0.05499540276680265,120
359,12,25,spherical,0.18405621904910918,0.2569400122268375,9831.00465770733,0.06591387357521933,112,spherical,0.18109953258828348,0.26057678087256586,9831.00465770733,0.058923645821574264,112
360,12,26,spherical,0.2619290861170997,0.35342031333098695,26160.090238082652,0.08737298352170843,112,spherical,0.25788790418571184,0.3723878699784574,30825.584038505036,0.08519947750595534,112
361,12,27,spherical,0.843976699025954,0.8439767000259539,147460.7940420622,0.07292341301381564,112,spherical,0.8344415291015687,0.8344415301015686,47154.12962023006,0.06326368817517898,112
362,12,28,spherical,0.8646247220361604,0.8646247230361603,147458.66482098654,0.07624644659641655,112,spherical,0.8549588467583233,0.8549588477583233,47153.448750665746,0.06715072565935937,112
363,12,29,spherical,0.8639118081236495,0.8639118091236495,147456.54136234958,0.07589762955230059,112,spherical,0.8548785798263333,0.8548785808263333,47152.76972377958,0.06759414830188154,112
364,12,30,spherical,0.8633299870554104,0.8633299880554104,147454.42364279003,0.07669807989726282,112,spherical,0.8561110925517386,0.8561110935517385,47152.09253210122,0.0680727087642646,112
365,12,31,spherical,0.8580530284823248,0.8580530294823248,147452.31163907275,0.06963046596541614,112,spherical,0.8523009424653178,0.8826096491809685,147452.31163907275,0.06828602007906387,112
